1,NCF,2023-07-23
2,FET,2023-11-22
3,ULP,2024-09-13
4,JJX,2023-06-27
5,MHH,2022-07-04
6,FSB,2023-04-09
7,ZRU,2023-06-26
8,WAP,2024-01-12
9,EKD,2024-12-05
10,LZA,2022-09-21
11,HYI,2023-11-25
12,SHR,2024-09-16
13,YNO,2023-11-04
14,KMI,2023-06-08
15,QPL,2022-11-23
16,XHM,2023-07-08
17,CMN,2022-05-19
18,UCK,2024-10-02
19,ETV,2023-02-11
20,BCU,2023-06-27
21,YSV,2022-09-23
22,ZQZ,2024-05-15
23,FZD,2023-07-15
24,UPJ,2023-02-23
25,SGA,2024-10-26
26,YHO,2022-08-26
27,HRJ,2023-08-26
28,TJP,2022-07-04
29,MKQ,2023-11-10
30,UYJ,2022-10-15
31,VCL,2023-11-03
32,IHM,2024-10-09
33,LCP,2023-10-04
34,RTO,2022-10-05
35,VGI,2023-01-05
36,FFA,2024-07-13
37,SYC,2024-06-22
38,EOB,2023-02-08
39,IYW,2024-05-22
40,KON,2023-07-04
41,MZE,2024-12-20
42,AAE,2022-10-23
43,FWQ,2024-04-17
44,NMV,2023-07-19
45,AVK,2022-06-05
46,KWO,2023-09-02
47,DTG,2023-05-17
48,FNK,2024-06-04
49,GTE,2023-08-06
50,TQX,2022-02-23
51,KEY,2024-04-09
52,CWW,2022-06-07
53,EZO,2024-03-15
54,VVP,2023-08-25
55,LSM,2022-06-26
56,VJK,2024-02-26
57,ZKF,2023-05-02
58,BBV,2023-08-24
59,GMU,2022-02-22
60,XUH,2022-09-05
61,SLA,2022-07-05
62,YJR,2022-12-11
63,DCH,2022-04-11
64,NRU,2023-05-19
65,RHS,2024-07-05
66,KPP,2023-03-13
67,LTD,2023-01-15
68,BIM,2024-09-03
69,DVH,2023-05-20
70,XDJ,2024-05-24
71,SMO,2024-08-11
72,OCG,2023-07-27
73,YRJ,2024-12-26
74,RDS,2024-09-08
75,GOH,2024-04-26
76,KBJ,2023-09-14
77,RZU,2024-01-15
78,VLS,2022-11-05
79,JNT,2024-05-07
80,VNL,2023-04-14
81,WZI,2023-08-20
82,YAM,2023-11-05
83,UHE,2023-11-08
84,ETX,2022-11-02
85,KKP,2023-03-12
86,UIT,2023-04-22
87,XRK,2023-04-16
88,TRF,2024-03-18
89,CAT,2024-04-20
90,QFW,2023-11-23
91,RPG,2023-08-06
92,RRU,2022-11-21
93,XKO,2023-07-22
94,MCZ,2023-02-24
95,EKB,2023-12-19
96,NNE,2023-04-17
97,AGW,2023-01-09
98,ABZ,2024-09-07
99,FUH,2024-04-25
100,TJM,2023-10-25
